sid,gtype,payload_probe_kg,range_empty_m,range_half_payload_m,range_max_payload_m,range_positive,range_nonincreasing,energy_outbound_empty_kwh,energy_outbound_probe_kwh,energy_return_empty_kwh,energy_return_probe_kwh,energy_limit_after_reserve_kwh,rho,outbound_loaded_return_empty_rule,energy_nonnegative
S001,A,25.0,25000.0,23232.23304703363,20000.0,True,True,0.5902661993300491,0.7422574834388738,0.57536581352758,0.7220355312783799,3.6,0.2,True,True
S001,B,30.0,28000.0,23757.359312880715,16000.0,True,True,0.4740371251707392,0.8185031333580126,0.460201052639875,0.7982811811975188,3.2,0.2,True,True
S001,C,80.0,26000.0,21050.25253169417,12000.0,True,True,0.979646522460018,2.121653020246268,0.964767422922981,2.089744908363552,6.4,0.2,True,True
S002,A,25.0,25000.0,23232.23304703363,20000.0,True,True,1.3802311574888586,1.7304369198263136,1.3559353241555252,1.697464003159647,3.6,0.2,True,True
S002,B,30.0,28000.0,23757.359312880715,16000.0,True,True,1.1019041861854817,1.9154623934114916,1.0793437695188148,1.882489476744825,3.2,0.2,True,True
S002,C,80.0,26000.0,21050.25253169417,12000.0,True,True,2.3252157060074614,5.03690344860335,2.3009545810074616,4.984875656936683,6.4,0.2,True,True
S003,A,25.0,25000.0,23232.23304703363,20000.0,True,True,1.4212829964474285,1.7889134115147232,1.365492564348663,1.71319782509497,3.6,0.2,True,True
S003,B,30.0,28000.0,23757.359312880715,16000.0,True,True,1.1435034389656529,1.970356853301299,1.091698037731085,1.8946412668815458,3.2,0.2,True,True
S003,C,80.0,26000.0,21050.25253169417,12000.0,True,True,2.3478761394625325,5.084520971204696,2.292165407981051,4.965049745896054,6.4,0.2,True,True
S004,A,25.0,25000.0,23232.23304703363,20000.0,True,True,1.4602305250929641,1.8331857578576387,1.4336056794139518,1.7970520387218363,3.6,0.2,True,True
S004,B,30.0,28000.0,23757.359312880715,16000.0,True,True,1.1688582429571737,2.02575792144647,1.1441351719695194,1.9896242023106674,3.2,0.2,True,True
S004,C,80.0,26000.0,21050.25253169417,12000.0,True,True,2.443724582378082,5.293104424177615,2.417137772192897,5.236089218930702,6.4,0.2,True,True
S005,A,25.0,25000.0,23232.23304703363,20000.0,True,True,1.0008693375497164,1.2566388935108694,0.9830576863151486,1.2324659382639558,3.6,0.2,True,True
S005,B,30.0,28000.0,23757.359312880715,16000.0,True,True,0.8013324305132472,1.3884511994638733,0.7847930400811484,1.3642782442169596,3.2,0.2,True,True
S005,C,80.0,26000.0,21050.25253169417,12000.0,True,True,1.674052009104077,3.6259652272669305,1.6562658030855584,3.5878228484089054,6.4,0.2,True,True
S006,A,25.0,25000.0,23232.23304703363,20000.0,True,True,0.6363207856957072,0.8021611060365426,0.5868028073006455,0.7349581353575302,3.6,0.2,True,True
S006,B,30.0,28000.0,23757.359312880715,16000.0,True,True,0.5135292452200017,0.8817758693427316,0.46754826528173005,0.8145728986637192,3.2,0.2,True,True
S006,C,80.0,26000.0,21050.25253169417,12000.0,True,True,1.0428783648279136,2.2581726981843184,0.9934311264019877,2.1521334844497506,6.4,0.2,True,True
S007,A,25.0,25000.0,23232.23304703363,20000.0,True,True,0.9172715354175129,1.1574860544439936,0.8588344983804759,1.0781786470365862,3.6,0.2,True,True
S007,B,30.0,28000.0,23757.359312880715,16000.0,True,True,0.741714970812631,1.2707596109918489,0.6874520078496681,1.1914522035844415,3.2,0.2,True,True
S007,C,80.0,26000.0,21050.25253169417,12000.0,True,True,1.4956927203929826,3.2384155895825613,1.437339164837427,3.1132768488418203,6.4,0.2,True,True
S008,A,25.0,25000.0,23232.23304703363,20000.0,True,True,1.51696188190682,1.9031556262732785,1.4790624991907706,1.8517207497300687,3.6,0.2,True,True
S008,B,30.0,28000.0,23757.359312880715,16000.0,True,True,1.212693976041187,2.1048312733476937,1.1775016920905697,2.0533963968044837,3.2,0.2,True,True
S008,C,80.0,26000.0,21050.25253169417,12000.0,True,True,2.5469663227991473,5.516990022794269,2.5091210820584062,5.435831201806615,6.4,0.2,True,True
S009,A,25.0,25000.0,23232.23304703363,20000.0,True,True,1.0691530450914275,1.3411150983485598,1.042078276572909,1.304370769644856,3.6,0.2,True,True
S009,B,30.0,28000.0,23757.359312880715,16000.0,True,True,0.8544196786030248,1.4835499575946047,0.8292788221215434,1.446805628890901,3.2,0.2,True,True
S009,C,80.0,26000.0,21050.25253169417,12000.0,True,True,1.79660416278323,3.891676435686915,1.7695680725054521,3.8336977528165446,6.4,0.2,True,True
S010,A,25.0,25000.0,23232.23304703363,20000.0,True,True,0.9414045762012905,1.1854009279851914,0.8821470916333892,1.104980056071611,3.6,0.2,True,True
S010,B,30.0,28000.0,23757.359312880715,16000.0,True,True,0.7580330469353712,1.3049448128029546,0.7030082398366058,1.2245239408893742,3.2,0.2,True,True
S010,C,80.0,26000.0,21050.25253169417,12000.0,True,True,1.5518826876801866,3.3606258137087988,1.492709856661668,3.2337301431841072,6.4,0.2,True,True
S011,A,25.0,25000.0,23232.23304703363,20000.0,True,True,0.5485936562807655,0.6904392939895619,0.5262563106017532,0.6601243248537595,3.6,0.2,True,True
S011,B,30.0,28000.0,23757.359312880715,16000.0,True,True,0.4413068130587453,0.7605438637562912,0.420564992071091,0.7302288946204888,3.2,0.2,True,True
S011,C,80.0,26000.0,21050.25253169417,12000.0,True,True,0.9066035983638523,1.963337036903035,0.884298163178667,1.9155032066561213,6.4,0.2,True,True
S012,A,25.0,25000.0,23232.23304703363,20000.0,True,True,1.4050851170116228,1.7645123854628602,1.3648302559005117,1.709880788240638,3.6,0.2,True,True
S012,B,30.0,28000.0,23757.359312880715,16000.0,True,True,1.1254174231796101,1.9490905175684892,1.0880379092907213,1.894458920346267,3.2,0.2,True,True
S012,C,80.0,26000.0,21050.25253169417,12000.0,True,True,2.3477446760131144,5.085094560260759,2.307547321846448,4.998891650538537,6.4,0.2,True,True
S013,A,25.0,25000.0,23232.23304703363,20000.0,True,True,0.9440322421461999,1.1877385719899216,0.8847482915289159,1.1072817818664649,3.6,0.2,True,True
S013,B,30.0,28000.0,23757.359312880715,16000.0,True,True,0.7589260551165973,1.3088749231861154,0.7038766724005479,1.2284181330626587,3.2,0.2,True,True
S013,C,80.0,26000.0,21050.25253169417,12000.0,True,True,1.562656807742151,3.384165441117845,1.5034575484828916,3.257213095438832,6.4,0.2,True,True
S014,A,25.0,25000.0,23232.23304703363,20000.0,True,True,1.0978972590359024,1.3855359962468863,1.0387985707642975,1.3053306335925652,3.6,0.2,True,True
S014,B,30.0,28000.0,23757.359312880715,16000.0,True,True,0.8879244518463668,1.5209567346011212,0.8330470984513051,1.4407513719468001,3.2,0.2,True,True
S014,C,80.0,26000.0,21050.25253169417,12000.0,True,True,1.7894091969971475,3.874332612853738,1.7303949354230734,3.7477769932549725,6.4,0.2,True,True
S015,A,25.0,25000.0,23232.23304703363,20000.0,True,True,1.1980403666119865,1.5101435505758534,1.1062561073527273,1.3855791987240014,3.6,0.2,True,True
S015,B,30.0,28000.0,23757.359312880715,16000.0,True,True,0.9666836558824607,1.660213667017131,0.88145541514172,1.535649315165279,3.2,0.2,True,True
S015,C,80.0,26000.0,21050.25253169417,12000.0,True,True,1.9643844380761109,4.2535637100873265,1.8727312991872218,4.057014274902142,6.4,0.2,True,True
