rho,sid,gtype,q_max,binding,limit
0.1,S001,A,25.0,载质量,4.05
0.1,S001,B,30.0,载质量,3.6
0.1,S001,C,80.0,载质量,7.2
0.1,S002,A,25.0,载质量,4.05
0.1,S002,B,30.0,载质量,3.6
0.1,S002,C,78.689,能量,7.2
0.1,S003,A,25.0,载质量,4.05
0.1,S003,B,30.0,载质量,3.6
0.1,S003,C,78.287,能量,7.2
0.1,S004,A,25.0,载质量,4.05
0.1,S004,B,30.0,载质量,3.6
0.1,S004,C,74.934,能量,7.2
0.1,S005,A,25.0,载质量,4.05
0.1,S005,B,30.0,载质量,3.6
0.1,S005,C,80.0,载质量,7.2
0.1,S006,A,25.0,载质量,4.05
0.1,S006,B,30.0,载质量,3.6
0.1,S006,C,80.0,载质量,7.2
0.1,S007,A,25.0,载质量,4.05
0.1,S007,B,30.0,载质量,3.6
0.1,S007,C,80.0,载质量,7.2
0.1,S008,A,25.0,载质量,4.05
0.1,S008,B,30.0,载质量,3.6
0.1,S008,C,71.57,能量,7.2
0.1,S009,A,25.0,载质量,4.05
0.1,S009,B,30.0,载质量,3.6
0.1,S009,C,80.0,载质量,7.2
0.1,S010,A,25.0,载质量,4.05
0.1,S010,B,30.0,载质量,3.6
0.1,S010,C,80.0,载质量,7.2
0.1,S011,A,25.0,载质量,4.05
0.1,S011,B,30.0,载质量,3.6
0.1,S011,C,80.0,载质量,7.2
0.1,S012,A,25.0,载质量,4.05
0.1,S012,B,30.0,载质量,3.6
0.1,S012,C,78.147,能量,7.2
0.1,S013,A,25.0,载质量,4.05
0.1,S013,B,30.0,载质量,3.6
0.1,S013,C,80.0,载质量,7.2
0.1,S014,A,25.0,载质量,4.05
0.1,S014,B,30.0,载质量,3.6
0.1,S014,C,80.0,载质量,7.2
0.1,S015,A,25.0,载质量,4.05
0.1,S015,B,30.0,载质量,3.6
0.1,S015,C,80.0,载质量,7.2
0.15,S001,A,25.0,载质量,3.825
0.15,S001,B,30.0,载质量,3.4
0.15,S001,C,80.0,载质量,6.8
0.15,S002,A,25.0,载质量,3.825
0.15,S002,B,30.0,载质量,3.4
0.15,S002,C,74.351,能量,6.8
0.15,S003,A,25.0,载质量,3.825
0.15,S003,B,30.0,载质量,3.4
0.15,S003,C,73.816,能量,6.8
0.15,S004,A,25.0,载质量,3.825
0.15,S004,B,30.0,载质量,3.4
0.15,S004,C,69.968,能量,6.8
0.15,S005,A,25.0,载质量,3.825
0.15,S005,B,30.0,载质量,3.4
0.15,S005,C,80.0,载质量,6.8
0.15,S006,A,25.0,载质量,3.825
0.15,S006,B,30.0,载质量,3.4
0.15,S006,C,80.0,载质量,6.8
0.15,S007,A,25.0,载质量,3.825
0.15,S007,B,30.0,载质量,3.4
0.15,S007,C,80.0,载质量,6.8
0.15,S008,A,25.0,载质量,3.825
0.15,S008,B,30.0,载质量,3.4
0.15,S008,C,66.057,能量,6.8
0.15,S009,A,25.0,载质量,3.825
0.15,S009,B,30.0,载质量,3.4
0.15,S009,C,80.0,载质量,6.8
0.15,S010,A,25.0,载质量,3.825
0.15,S010,B,30.0,载质量,3.4
0.15,S010,C,80.0,载质量,6.8
0.15,S011,A,25.0,载质量,3.825
0.15,S011,B,30.0,载质量,3.4
0.15,S011,C,80.0,载质量,6.8
0.15,S012,A,25.0,载质量,3.825
0.15,S012,B,30.0,载质量,3.4
0.15,S012,C,73.699,能量,6.8
0.15,S013,A,25.0,载质量,3.825
0.15,S013,B,30.0,载质量,3.4
0.15,S013,C,80.0,载质量,6.8
0.15,S014,A,25.0,载质量,3.825
0.15,S014,B,30.0,载质量,3.4
0.15,S014,C,80.0,载质量,6.8
0.15,S015,A,25.0,载质量,3.825
0.15,S015,B,30.0,载质量,3.4
0.15,S015,C,80.0,载质量,6.8
0.2,S001,A,25.0,载质量,3.6
0.2,S001,B,30.0,载质量,3.2
0.2,S001,C,80.0,载质量,6.4
0.2,S002,A,25.0,载质量,3.6
0.2,S002,B,30.0,载质量,3.2
0.2,S002,C,68.99,能量,6.4
0.2,S003,A,25.0,载质量,3.6
0.2,S003,B,30.0,载质量,3.2
0.2,S003,C,68.282,能量,6.4
0.2,S004,A,25.0,载质量,3.6
0.2,S004,B,30.0,载质量,3.2
0.2,S004,C,63.759,能量,6.4
0.2,S005,A,25.0,载质量,3.6
0.2,S005,B,30.0,载质量,3.2
0.2,S005,C,80.0,载质量,6.4
0.2,S006,A,25.0,载质量,3.6
0.2,S006,B,30.0,载质量,3.2
0.2,S006,C,80.0,载质量,6.4
0.2,S007,A,25.0,载质量,3.6
0.2,S007,B,30.0,载质量,3.2
0.2,S007,C,80.0,载质量,6.4
0.2,S008,A,25.0,载质量,3.6
0.2,S008,B,28.869,能量,3.2
0.2,S008,C,59.091,能量,6.4
0.2,S009,A,25.0,载质量,3.6
0.2,S009,B,30.0,载质量,3.2
0.2,S009,C,80.0,载质量,6.4
0.2,S010,A,25.0,载质量,3.6
0.2,S010,B,30.0,载质量,3.2
0.2,S010,C,80.0,载质量,6.4
0.2,S011,A,25.0,载质量,3.6
0.2,S011,B,30.0,载质量,3.2
0.2,S011,C,80.0,载质量,6.4
0.2,S012,A,25.0,载质量,3.6
0.2,S012,B,30.0,载质量,3.2
0.2,S012,C,68.191,能量,6.4
0.2,S013,A,25.0,载质量,3.6
0.2,S013,B,30.0,载质量,3.2
0.2,S013,C,80.0,载质量,6.4
0.2,S014,A,25.0,载质量,3.6
0.2,S014,B,30.0,载质量,3.2
0.2,S014,C,80.0,载质量,6.4
0.2,S015,A,25.0,载质量,3.6
0.2,S015,B,30.0,载质量,3.2
0.2,S015,C,80.0,载质量,6.4
0.25,S001,A,25.0,载质量,3.375
0.25,S001,B,30.0,载质量,3.0
0.25,S001,C,80.0,载质量,6.0
0.25,S002,A,25.0,载质量,3.375
0.25,S002,B,30.0,载质量,3.0
0.25,S002,C,62.172,能量,6.0
0.25,S003,A,25.0,载质量,3.375
0.25,S003,B,29.072,能量,3.0
0.25,S003,C,61.236,能量,6.0
0.25,S004,A,25.0,载质量,3.375
0.25,S004,B,27.408,能量,3.0
0.25,S004,C,55.735,能量,6.0
0.25,S005,A,25.0,载质量,3.375
0.25,S005,B,30.0,载质量,3.0
0.25,S005,C,80.0,载质量,6.0
0.25,S006,A,25.0,载质量,3.375
0.25,S006,B,30.0,载质量,3.0
0.25,S006,C,80.0,载质量,6.0
0.25,S007,A,25.0,载质量,3.375
0.25,S007,B,30.0,载质量,3.0
0.25,S007,C,80.0,载质量,6.0
0.25,S008,A,24.742,能量,3.375
0.25,S008,B,25.564,能量,3.0
0.25,S008,C,49.941,能量,6.0
0.25,S009,A,25.0,载质量,3.375
0.25,S009,B,30.0,载质量,3.0
0.25,S009,C,80.0,载质量,6.0
0.25,S010,A,25.0,载质量,3.375
0.25,S010,B,30.0,载质量,3.0
0.25,S010,C,80.0,载质量,6.0
0.25,S011,A,25.0,载质量,3.375
0.25,S011,B,30.0,载质量,3.0
0.25,S011,C,80.0,载质量,6.0
0.25,S012,A,25.0,载质量,3.375
0.25,S012,B,29.459,能量,3.0
0.25,S012,C,61.174,能量,6.0
0.25,S013,A,25.0,载质量,3.375
0.25,S013,B,30.0,载质量,3.0
0.25,S013,C,80.0,载质量,6.0
0.25,S014,A,25.0,载质量,3.375
0.25,S014,B,30.0,载质量,3.0
0.25,S014,C,80.0,载质量,6.0
0.25,S015,A,25.0,载质量,3.375
0.25,S015,B,30.0,载质量,3.0
0.25,S015,C,78.534,能量,6.0
0.3,S001,A,25.0,载质量,3.15
0.3,S001,B,30.0,载质量,2.8
0.3,S001,C,80.0,载质量,5.6
0.3,S002,A,25.0,载质量,3.15
0.3,S002,B,26.815,能量,2.8
0.3,S002,C,53.15,能量,5.6
0.3,S003,A,24.831,能量,3.15
0.3,S003,B,25.471,能量,2.8
0.3,S003,C,51.912,能量,5.6
0.3,S004,A,20.166,能量,3.15
0.3,S004,B,23.432,能量,2.8
0.3,S004,C,44.842,能量,5.6
0.3,S005,A,25.0,载质量,3.15
0.3,S005,B,30.0,载质量,2.8
0.3,S005,C,80.0,载质量,5.6
0.3,S006,A,25.0,载质量,3.15
0.3,S006,B,30.0,载质量,2.8
0.3,S006,C,80.0,载质量,5.6
0.3,S007,A,25.0,载质量,3.15
0.3,S007,B,30.0,载质量,2.8
0.3,S007,C,80.0,载质量,5.6
0.3,S008,A,14.489,能量,3.15
0.3,S008,B,21.109,能量,2.8
0.3,S008,C,37.136,能量,5.6
0.3,S009,A,25.0,载质量,3.15
0.3,S009,B,30.0,载质量,2.8
0.3,S009,C,79.255,能量,5.6
0.3,S010,A,25.0,载质量,3.15
0.3,S010,B,30.0,载质量,2.8
0.3,S010,C,80.0,载质量,5.6
0.3,S011,A,25.0,载质量,3.15
0.3,S011,B,30.0,载质量,2.8
0.3,S011,C,80.0,载质量,5.6
0.3,S012,A,25.0,载质量,3.15
0.3,S012,B,26.016,能量,2.8
0.3,S012,C,51.868,能量,5.6
0.3,S013,A,25.0,载质量,3.15
0.3,S013,B,30.0,载质量,2.8
0.3,S013,C,80.0,载质量,5.6
0.3,S014,A,25.0,载质量,3.15
0.3,S014,B,30.0,载质量,2.8
0.3,S014,C,79.941,能量,5.6
0.3,S015,A,25.0,载质量,3.15
0.3,S015,B,30.0,载质量,2.8
0.3,S015,C,73.102,能量,5.6
0.35,S001,A,25.0,载质量,2.925
0.35,S001,B,30.0,载质量,2.6
0.35,S001,C,80.0,载质量,5.2
0.35,S002,A,17.504,能量,2.925
0.35,S002,B,22.381,能量,2.6
0.35,S002,C,40.425,能量,5.2
0.35,S003,A,13.725,能量,2.925
0.35,S003,B,20.499,能量,2.6
0.35,S003,C,38.794,能量,5.2
0.35,S004,A,5.073,能量,2.925
0.35,S004,B,17.808,能量,2.6
0.35,S004,C,28.638,能量,5.2
0.35,S005,A,25.0,载质量,2.925
0.35,S005,B,30.0,载质量,2.6
0.35,S005,C,78.912,能量,5.2
0.35,S006,A,25.0,载质量,2.925
0.35,S006,B,30.0,载质量,2.6
0.35,S006,C,80.0,载质量,5.2
0.35,S007,A,25.0,载质量,2.925
0.35,S007,B,30.0,载质量,2.6
0.35,S007,C,80.0,载质量,5.2
0.35,S008,A,0.0,能量,2.925
0.35,S008,B,14.601,能量,2.6
0.35,S008,C,16.261,能量,5.2
0.35,S009,A,25.0,载质量,2.925
0.35,S009,B,30.0,载质量,2.6
0.35,S009,C,73.614,能量,5.2
0.35,S010,A,25.0,载质量,2.925
0.35,S010,B,30.0,载质量,2.6
0.35,S010,C,80.0,载质量,5.2
0.35,S011,A,25.0,载质量,2.925
0.35,S011,B,30.0,载质量,2.6
0.35,S011,C,80.0,载质量,5.2
0.35,S012,A,15.16,能量,2.925
0.35,S012,B,21.292,能量,2.6
0.35,S012,C,38.7,能量,5.2
0.35,S013,A,25.0,载质量,2.925
0.35,S013,B,30.0,载质量,2.6
0.35,S013,C,80.0,载质量,5.2
0.35,S014,A,25.0,载质量,2.925
0.35,S014,B,30.0,载质量,2.6
0.35,S014,C,74.287,能量,5.2
0.35,S015,A,25.0,载质量,2.925
0.35,S015,B,30.0,载质量,2.6
0.35,S015,C,66.055,能量,5.2
0.4,S001,A,25.0,载质量,2.7
0.4,S001,B,30.0,载质量,2.4
0.4,S001,C,80.0,载质量,4.8
0.4,S002,A,0.0,能量,2.7
0.4,S002,B,15.833,能量,2.4
0.4,S002,C,19.694,能量,4.8
0.4,S003,A,0.0,能量,2.7
0.4,S003,B,12.954,能量,2.4
0.4,S003,C,17.577,能量,4.8
0.4,S004,A,0.0,能量,2.7
0.4,S004,B,8.63,能量,2.4
0.4,S004,C,0.0,能量,4.8
0.4,S005,A,25.0,载质量,2.7
0.4,S005,B,30.0,载质量,2.4
0.4,S005,C,72.655,能量,4.8
0.4,S006,A,25.0,载质量,2.7
0.4,S006,B,30.0,载质量,2.4
0.4,S006,C,80.0,载质量,4.8
0.4,S007,A,25.0,载质量,2.7
0.4,S007,B,30.0,载质量,2.4
0.4,S007,C,80.0,载质量,4.8
0.4,S008,A,0.0,能量,2.7
0.4,S008,B,1.916,能量,2.4
0.4,S008,C,0.0,能量,4.8
0.4,S009,A,25.0,载质量,2.7
0.4,S009,B,30.0,载质量,2.4
0.4,S009,C,66.15,能量,4.8
0.4,S010,A,25.0,载质量,2.7
0.4,S010,B,30.0,载质量,2.4
0.4,S010,C,79.233,能量,4.8
0.4,S011,A,25.0,载质量,2.7
0.4,S011,B,30.0,载质量,2.4
0.4,S011,C,80.0,载质量,4.8
0.4,S012,A,0.0,能量,2.7
0.4,S012,B,14.201,能量,2.4
0.4,S012,C,16.978,能量,4.8
0.4,S013,A,25.0,载质量,2.7
0.4,S013,B,30.0,载质量,2.4
0.4,S013,C,78.74,能量,4.8
0.4,S014,A,25.0,载质量,2.7
0.4,S014,B,30.0,载质量,2.4
0.4,S014,C,66.814,能量,4.8
0.4,S015,A,25.0,载质量,2.7
0.4,S015,B,27.256,能量,2.4
0.4,S015,C,56.513,能量,4.8
