任务组数,迭代,目标值,资源缺口,总资源需求,通信风险均衡系数,工作量均衡系数
2,1,3007109.5738383043,3,27,0.19700624104804682,0.04394490173429938
2,2,3007933.179518631,3,27,0.07989158809634914,0.3605347756704502
2,4,2005273.5619358774,2,27,0.07989158809634914,0.09457301739505046
2,5,1017030.3841769391,1,25,0.5558097319382798,0.3384189538173539
2,6,1017030.3841769391,1,25,0.5558097319382798,0.3384189538173539
2,7,1017030.3841769391,1,25,0.5558097319382798,0.3384189538173539
2,8,1007349.2187834774,1,25,0.18372827402549768,0.1144653302967426
2,10,1006754.4260661277,1,25,0.18372827402549768,0.05498605856177424
2,11,4168.297095298592,0,23,0.08854464525711146,0.0067404190156362485
2,12,4168.297095298592,0,23,0.08854464525711146,0.0067404190156362485
2,14,6556.015737759785,0,23,0.18372827402549768,0.05514502572498312
2,16,6556.015737759785,0,23,0.18372827402549768,0.05514502572498312
2,19,6556.015737759785,0,23,0.18372827402549768,0.05514502572498312
2,20,6556.015737759785,0,23,0.18372827402549768,0.05514502572498312
2,21,6556.015737759785,0,23,0.18372827402549768,0.05514502572498312
2,24,7147.629111845291,0,23,0.18372827402549768,0.11430636313353372
2,26,7147.629111845291,0,23,0.18372827402549768,0.11430636313353372
2,28,7147.629111845291,0,23,0.18372827402549768,0.11430636313353372
2,29,7147.629111845291,0,23,0.18372827402549768,0.11430636313353372
2,31,7147.629111845291,0,23,0.18372827402549768,0.11430636313353372
2,32,7147.629111845291,0,23,0.18372827402549768,0.11430636313353372
2,33,6556.015737759785,0,23,0.18372827402549768,0.05514502572498312
2,36,6556.015737759785,0,23,0.18372827402549768,0.05514502572498312
2,38,6556.015737759785,0,23,0.18372827402549768,0.05514502572498312
2,40,6556.015737759785,0,23,0.18372827402549768,0.05514502572498312
2,42,4168.297095298592,0,23,0.08854464525711146,0.0067404190156362485
2,45,4168.297095298592,0,23,0.08854464525711146,0.0067404190156362485
2,46,4168.297095298592,0,23,0.08854464525711146,0.0067404190156362485
2,48,4168.297095298592,0,23,0.08854464525711146,0.0067404190156362485
2,49,4168.297095298592,0,23,0.08854464525711146,0.0067404190156362485
2,53,4168.297095298592,0,23,0.08854464525711146,0.0067404190156362485
2,54,4168.297095298592,0,23,0.08854464525711146,0.0067404190156362485
2,56,6707.967232560685,0,24,0.18372827402549768,0.060340175205073156
2,58,6707.967232560685,0,24,0.18372827402549768,0.060340175205073156
2,60,6707.967232560685,0,24,0.18372827402549768,0.060340175205073156
2,62,6707.967232560685,0,24,0.18372827402549768,0.060340175205073156
2,63,6707.967232560685,0,24,0.18372827402549768,0.060340175205073156
2,64,6707.967232560685,0,24,0.18372827402549768,0.060340175205073156
2,66,6707.967232560685,0,24,0.18372827402549768,0.060340175205073156
2,67,6707.967232560685,0,24,0.18372827402549768,0.060340175205073156
2,68,6707.967232560685,0,24,0.18372827402549768,0.060340175205073156
2,69,6707.967232560685,0,24,0.18372827402549768,0.060340175205073156
2,71,6707.967232560685,0,24,0.18372827402549768,0.060340175205073156
2,72,6707.967232560685,0,24,0.18372827402549768,0.060340175205073156
2,73,6707.967232560685,0,24,0.18372827402549768,0.060340175205073156
2,74,6707.967232560685,0,24,0.18372827402549768,0.060340175205073156
2,75,6707.967232560685,0,24,0.18372827402549768,0.060340175205073156
2,76,6707.967232560685,0,24,0.18372827402549768,0.060340175205073156
2,77,6707.967232560685,0,24,0.18372827402549768,0.060340175205073156
2,80,6707.967232560685,0,24,0.18372827402549768,0.060340175205073156
2,83,6707.967232560685,0,24,0.18372827402549768,0.060340175205073156
2,84,6707.967232560685,0,24,0.18372827402549768,0.060340175205073156
2,85,6707.967232560685,0,24,0.18372827402549768,0.060340175205073156
2,86,6707.967232560685,0,24,0.18372827402549768,0.060340175205073156
2,87,6707.967232560685,0,24,0.18372827402549768,0.060340175205073156
2,88,7195.677617044391,0,24,0.18372827402549768,0.1091112136534437
2,89,7195.677617044391,0,24,0.18372827402549768,0.1091112136534437
2,91,7195.677617044391,0,24,0.18372827402549768,0.1091112136534437
2,94,7195.677617044391,0,24,0.18372827402549768,0.1091112136534437
2,95,6707.967232560685,0,24,0.18372827402549768,0.060340175205073156
2,96,6707.967232560685,0,24,0.18372827402549768,0.060340175205073156
2,97,6707.967232560685,0,24,0.18372827402549768,0.060340175205073156
2,99,6707.967232560685,0,24,0.18372827402549768,0.060340175205073156
2,100,4168.297095298592,0,23,0.08854464525711146,0.0067404190156362485
2,101,4168.297095298592,0,23,0.08854464525711146,0.0067404190156362485
2,104,4168.297095298592,0,23,0.08854464525711146,0.0067404190156362485
2,105,4168.297095298592,0,23,0.08854464525711146,0.0067404190156362485
2,107,4168.297095298592,0,23,0.08854464525711146,0.0067404190156362485
2,108,4168.297095298592,0,23,0.08854464525711146,0.0067404190156362485
2,111,4168.297095298592,0,23,0.08854464525711146,0.0067404190156362485
2,112,4168.297095298592,0,23,0.08854464525711146,0.0067404190156362485
2,113,4168.297095298592,0,23,0.08854464525711146,0.0067404190156362485
2,115,4168.297095298592,0,23,0.08854464525711146,0.0067404190156362485
2,116,4168.297095298592,0,23,0.08854464525711146,0.0067404190156362485
2,117,4168.297095298592,0,23,0.08854464525711146,0.0067404190156362485
2,118,4168.297095298592,0,23,0.08854464525711146,0.0067404190156362485
2,121,4168.297095298592,0,23,0.08854464525711146,0.0067404190156362485
2,123,4168.297095298592,0,23,0.08854464525711146,0.0067404190156362485
2,125,4168.297095298592,0,23,0.08854464525711146,0.0067404190156362485
2,127,4168.297095298592,0,23,0.08854464525711146,0.0067404190156362485
2,128,4168.297095298592,0,23,0.08854464525711146,0.0067404190156362485
2,129,4168.297095298592,0,23,0.08854464525711146,0.0067404190156362485
2,131,4168.297095298592,0,23,0.08854464525711146,0.0067404190156362485
2,132,4168.297095298592,0,23,0.08854464525711146,0.0067404190156362485
2,133,4168.297095298592,0,23,0.08854464525711146,0.0067404190156362485
2,134,4168.297095298592,0,23,0.08854464525711146,0.0067404190156362485
2,136,4168.297095298592,0,23,0.08854464525711146,0.0067404190156362485
2,140,4168.297095298592,0,23,0.08854464525711146,0.0067404190156362485
2,142,4168.297095298592,0,23,0.08854464525711146,0.0067404190156362485
2,143,4168.297095298592,0,23,0.08854464525711146,0.0067404190156362485
2,144,4168.297095298592,0,23,0.08854464525711146,0.0067404190156362485
2,146,4168.297095298592,0,23,0.08854464525711146,0.0067404190156362485
2,148,4168.297095298592,0,23,0.08854464525711146,0.0067404190156362485
2,149,4168.297095298592,0,23,0.08854464525711146,0.0067404190156362485
2,150,4168.297095298592,0,23,0.08854464525711146,0.0067404190156362485
2,151,4168.297095298592,0,23,0.08854464525711146,0.0067404190156362485
2,152,4168.297095298592,0,23,0.08854464525711146,0.0067404190156362485
2,153,4168.297095298592,0,23,0.08854464525711146,0.0067404190156362485
2,154,4168.297095298592,0,23,0.08854464525711146,0.0067404190156362485
2,156,4168.297095298592,0,23,0.08854464525711146,0.0067404190156362485
2,157,4168.297095298592,0,23,0.08854464525711146,0.0067404190156362485
2,159,4168.297095298592,0,23,0.08854464525711146,0.0067404190156362485
2,160,4168.297095298592,0,23,0.08854464525711146,0.0067404190156362485
2,162,4168.297095298592,0,23,0.08854464525711146,0.0067404190156362485
2,163,4168.297095298592,0,23,0.08854464525711146,0.0067404190156362485
2,166,4168.297095298592,0,23,0.08854464525711146,0.0067404190156362485
2,167,4168.297095298592,0,23,0.08854464525711146,0.0067404190156362485
2,169,4168.297095298592,0,23,0.08854464525711146,0.0067404190156362485
2,170,4168.297095298592,0,23,0.08854464525711146,0.0067404190156362485
2,171,4168.297095298592,0,23,0.08854464525711146,0.0067404190156362485
2,172,4168.297095298592,0,23,0.08854464525711146,0.0067404190156362485
2,173,4168.297095298592,0,23,0.08854464525711146,0.0067404190156362485
2,175,4168.297095298592,0,23,0.08854464525711146,0.0067404190156362485
2,178,4168.297095298592,0,23,0.08854464525711146,0.0067404190156362485
2,179,4168.297095298592,0,23,0.08854464525711146,0.0067404190156362485
2,181,4168.297095298592,0,23,0.08854464525711146,0.0067404190156362485
2,182,4168.297095298592,0,23,0.08854464525711146,0.0067404190156362485
2,183,4168.297095298592,0,23,0.08854464525711146,0.0067404190156362485
2,185,4168.297095298592,0,23,0.08854464525711146,0.0067404190156362485
2,188,4168.297095298592,0,23,0.08854464525711146,0.0067404190156362485
2,189,4168.297095298592,0,23,0.08854464525711146,0.0067404190156362485
2,190,4168.297095298592,0,23,0.08854464525711146,0.0067404190156362485
2,191,4168.297095298592,0,23,0.08854464525711146,0.0067404190156362485
2,192,4168.297095298592,0,23,0.08854464525711146,0.0067404190156362485
2,193,4168.297095298592,0,23,0.08854464525711146,0.0067404190156362485
2,194,4168.297095298592,0,23,0.08854464525711146,0.0067404190156362485
2,195,4168.297095298592,0,23,0.08854464525711146,0.0067404190156362485
2,196,4168.297095298592,0,23,0.08854464525711146,0.0067404190156362485
2,198,4168.297095298592,0,23,0.08854464525711146,0.0067404190156362485
2,199,4168.297095298592,0,23,0.08854464525711146,0.0067404190156362485
2,200,4168.297095298592,0,23,0.08854464525711146,0.0067404190156362485
2,203,4168.297095298592,0,23,0.08854464525711146,0.0067404190156362485
2,204,4168.297095298592,0,23,0.08854464525711146,0.0067404190156362485
2,208,4168.297095298592,0,23,0.08854464525711146,0.0067404190156362485
2,209,4168.297095298592,0,23,0.08854464525711146,0.0067404190156362485
2,210,4168.297095298592,0,23,0.08854464525711146,0.0067404190156362485
2,211,4168.297095298592,0,23,0.08854464525711146,0.0067404190156362485
2,213,4168.297095298592,0,23,0.08854464525711146,0.0067404190156362485
2,216,4168.297095298592,0,23,0.08854464525711146,0.0067404190156362485
2,217,4168.297095298592,0,23,0.08854464525711146,0.0067404190156362485
2,219,4168.297095298592,0,23,0.08854464525711146,0.0067404190156362485
2,220,4168.297095298592,0,23,0.08854464525711146,0.0067404190156362485
2,221,4168.297095298592,0,23,0.08854464525711146,0.0067404190156362485
2,222,4168.297095298592,0,23,0.08854464525711146,0.0067404190156362485
2,223,4168.297095298592,0,23,0.08854464525711146,0.0067404190156362485
2,224,4168.297095298592,0,23,0.08854464525711146,0.0067404190156362485
2,225,4168.297095298592,0,23,0.08854464525711146,0.0067404190156362485
2,226,4168.297095298592,0,23,0.08854464525711146,0.0067404190156362485
2,229,4168.297095298592,0,23,0.08854464525711146,0.0067404190156362485
2,232,4168.297095298592,0,23,0.08854464525711146,0.0067404190156362485
2,233,4168.297095298592,0,23,0.08854464525711146,0.0067404190156362485
2,235,4168.297095298592,0,23,0.08854464525711146,0.0067404190156362485
2,238,4168.297095298592,0,23,0.08854464525711146,0.0067404190156362485
2,239,4168.297095298592,0,23,0.08854464525711146,0.0067404190156362485
2,240,4168.297095298592,0,23,0.08854464525711146,0.0067404190156362485
2,241,4168.297095298592,0,23,0.08854464525711146,0.0067404190156362485
2,242,4168.297095298592,0,23,0.08854464525711146,0.0067404190156362485
2,244,4168.297095298592,0,23,0.08854464525711146,0.0067404190156362485
2,245,4168.297095298592,0,23,0.08854464525711146,0.0067404190156362485
2,247,4168.297095298592,0,23,0.08854464525711146,0.0067404190156362485
2,248,4168.297095298592,0,23,0.08854464525711146,0.0067404190156362485
2,249,4168.297095298592,0,23,0.08854464525711146,0.0067404190156362485
2,250,4168.297095298592,0,23,0.08854464525711146,0.0067404190156362485
3,1,22146.210503584265,0,28,0.6565380298080602,0.6185449907423062
3,4,22146.210503584265,0,28,0.6565380298080602,0.6185449907423062
3,5,22146.210503584265,0,28,0.6565380298080602,0.6185449907423062
3,6,20484.196635489374,0,31,0.6565380298080602,0.4223436039328169
3,7,20484.196635489374,0,31,0.6565380298080602,0.4223436039328169
3,9,20484.196635489374,0,31,0.6565380298080602,0.4223436039328169
3,12,19989.064534188154,0,32,0.7055183657234807,0.26486972197185404
3,14,17446.064728227186,0,31,0.6152237888247455,0.20115889517322766
3,15,17446.064728227186,0,31,0.6152237888247455,0.20115889517322766
3,16,17446.064728227186,0,31,0.6152237888247455,0.20115889517322766
3,18,17446.064728227186,0,31,0.6152237888247455,0.20115889517322766
3,20,17446.064728227186,0,31,0.6152237888247455,0.20115889517322766
3,21,17446.064728227186,0,31,0.6152237888247455,0.20115889517322766
3,25,18213.3368829392,0,30,0.6454732920002246,0.22738710429347075
3,26,10635.585878153386,0,31,0.21158238481995553,0.32739381817542745
3,28,10635.585878153386,0,31,0.21158238481995553,0.32739381817542745
3,29,7179.298221892779,0,28,0.12787451643043182,0.1791807893284143
3,31,7179.298221892779,0,28,0.12787451643043182,0.1791807893284143
3,32,7179.298221892779,0,28,0.12787451643043182,0.1791807893284143
3,33,7179.298221892779,0,28,0.12787451643043182,0.1791807893284143
3,34,7179.298221892779,0,28,0.12787451643043182,0.1791807893284143
3,35,7179.298221892779,0,28,0.12787451643043182,0.1791807893284143
3,36,7179.298221892779,0,28,0.12787451643043182,0.1791807893284143
3,37,7179.298221892779,0,28,0.12787451643043182,0.1791807893284143
3,38,6498.576086800448,0,28,0.0664201226423071,0.23401736339543067
3,39,5762.334113618953,0,28,0.05015839976426237,0.19291661183337058
3,40,5762.334113618953,0,28,0.05015839976426237,0.19291661183337058
3,41,5762.334113618953,0,28,0.05015839976426237,0.19291661183337058
3,42,5762.334113618953,0,28,0.05015839976426237,0.19291661183337058
3,43,5762.334113618953,0,28,0.05015839976426237,0.19291661183337058
3,44,5762.334113618953,0,28,0.05015839976426237,0.19291661183337058
3,45,5762.334113618953,0,28,0.05015839976426237,0.19291661183337058
3,47,5762.334113618953,0,28,0.05015839976426237,0.19291661183337058
3,48,7134.003821456103,0,28,0.1478889972225397,0.13462238770053084
3,49,7134.003821456103,0,28,0.1478889972225397,0.13462238770053084
3,50,7941.150400570024,0,29,0.16673292112124255,0.16764919781451734
3,51,7941.150400570024,0,29,0.16673292112124255,0.16764919781451734
3,52,7941.150400570024,0,29,0.16673292112124255,0.16764919781451734
3,53,7941.150400570024,0,29,0.16673292112124255,0.16764919781451734
3,54,7941.150400570024,0,29,0.16673292112124255,0.16764919781451734
3,55,7941.150400570024,0,29,0.16673292112124255,0.16764919781451734
3,56,7941.150400570024,0,29,0.16673292112124255,0.16764919781451734
3,57,7941.150400570024,0,29,0.16673292112124255,0.16764919781451734
3,58,7941.150400570024,0,29,0.16673292112124255,0.16764919781451734
3,59,7941.150400570024,0,29,0.16673292112124255,0.16764919781451734
3,60,7134.003821456103,0,28,0.1478889972225397,0.13462238770053084
3,61,7134.003821456103,0,28,0.1478889972225397,0.13462238770053084
3,63,7134.003821456103,0,28,0.1478889972225397,0.13462238770053084
3,64,7134.003821456103,0,28,0.1478889972225397,0.13462238770053084
3,66,7134.003821456103,0,28,0.1478889972225397,0.13462238770053084
3,67,7134.003821456103,0,28,0.1478889972225397,0.13462238770053084
3,69,7134.003821456103,0,28,0.1478889972225397,0.13462238770053084
3,72,7134.003821456103,0,28,0.1478889972225397,0.13462238770053084
3,74,7134.003821456103,0,28,0.1478889972225397,0.13462238770053084
3,75,7134.003821456103,0,28,0.1478889972225397,0.13462238770053084
3,77,7134.003821456103,0,28,0.1478889972225397,0.13462238770053084
3,79,5758.1181753677665,0,27,0.05015839976426237,0.20249501800825187
3,80,5758.1181753677665,0,27,0.05015839976426237,0.20249501800825187
3,81,5758.1181753677665,0,27,0.05015839976426237,0.20249501800825187
3,82,5758.1181753677665,0,27,0.05015839976426237,0.20249501800825187
3,83,5758.1181753677665,0,27,0.05015839976426237,0.20249501800825187
3,84,5758.1181753677665,0,27,0.05015839976426237,0.20249501800825187
3,85,5758.1181753677665,0,27,0.05015839976426237,0.20249501800825187
3,86,5758.1181753677665,0,27,0.05015839976426237,0.20249501800825187
3,87,5758.1181753677665,0,27,0.05015839976426237,0.20249501800825187
3,88,5758.1181753677665,0,27,0.05015839976426237,0.20249501800825187
3,90,5758.1181753677665,0,27,0.05015839976426237,0.20249501800825187
3,91,5758.1181753677665,0,27,0.05015839976426237,0.20249501800825187
3,93,5758.1181753677665,0,27,0.05015839976426237,0.20249501800825187
3,94,5758.1181753677665,0,27,0.05015839976426237,0.20249501800825187
3,95,5758.1181753677665,0,27,0.05015839976426237,0.20249501800825187
3,96,5758.1181753677665,0,27,0.05015839976426237,0.20249501800825187
3,97,5758.1181753677665,0,27,0.05015839976426237,0.20249501800825187
3,98,6689.955118024616,0,29,0.0664201226423071,0.24315526651784747
3,100,6689.955118024616,0,29,0.0664201226423071,0.24315526651784747
3,101,6689.955118024616,0,29,0.0664201226423071,0.24315526651784747
3,102,6689.955118024616,0,29,0.0664201226423071,0.24315526651784747
3,103,6689.955118024616,0,29,0.0664201226423071,0.24315526651784747
3,104,6689.955118024616,0,29,0.0664201226423071,0.24315526651784747
3,105,6689.955118024616,0,29,0.0664201226423071,0.24315526651784747
3,106,6689.955118024616,0,29,0.0664201226423071,0.24315526651784747
3,107,6689.955118024616,0,29,0.0664201226423071,0.24315526651784747
3,109,6689.955118024616,0,29,0.0664201226423071,0.24315526651784747
3,110,6689.955118024616,0,29,0.0664201226423071,0.24315526651784747
3,112,7704.378480052699,0,30,0.10168748289712576,0.26406288221101837
3,114,7704.378480052699,0,30,0.10168748289712576,0.26406288221101837
3,115,7704.378480052699,0,30,0.10168748289712576,0.26406288221101837
3,116,6689.955118024616,0,29,0.0664201226423071,0.24315526651784747
3,117,6689.955118024616,0,29,0.0664201226423071,0.24315526651784747
3,120,7652.6449139870365,0,28,0.0664201226423071,0.3494242461140895
3,121,7740.408143689561,0,30,0.07235511089016976,0.3263305925886165
3,124,7740.408143689561,0,30,0.07235511089016976,0.3263305925886165
3,125,9213.086609070842,0,28,0.12294896454282284,0.3924107318214386
3,126,9213.086609070842,0,28,0.12294896454282284,0.3924107318214386
3,127,9213.086609070842,0,28,0.12294896454282284,0.3924107318214386
3,128,9213.086609070842,0,28,0.12294896454282284,0.3924107318214386
3,129,9213.086609070842,0,28,0.12294896454282284,0.3924107318214386
3,130,9270.199580026821,0,28,0.12294896454282284,0.3981220289170365
3,131,9270.199580026821,0,28,0.12294896454282284,0.3981220289170365
3,132,9270.199580026821,0,28,0.12294896454282284,0.3981220289170365
3,133,9270.199580026821,0,28,0.12294896454282284,0.3981220289170365
3,137,9270.199580026821,0,28,0.12294896454282284,0.3981220289170365
3,138,9270.199580026821,0,28,0.12294896454282284,0.3981220289170365
3,140,9270.199580026821,0,28,0.12294896454282284,0.3981220289170365
3,141,9270.199580026821,0,28,0.12294896454282284,0.3981220289170365
3,142,9270.199580026821,0,28,0.12294896454282284,0.3981220289170365
3,143,9270.199580026821,0,28,0.12294896454282284,0.3981220289170365
3,144,9270.199580026821,0,28,0.12294896454282284,0.3981220289170365
3,145,9270.199580026821,0,28,0.12294896454282284,0.3981220289170365
3,146,7831.69512277887,0,28,0.12294896454282284,0.2542715831922413
3,147,7831.69512277887,0,28,0.12294896454282284,0.2542715831922413
3,148,7831.69512277887,0,28,0.12294896454282284,0.2542715831922413
3,151,7831.69512277887,0,28,0.12294896454282284,0.2542715831922413
3,152,7831.69512277887,0,28,0.12294896454282284,0.2542715831922413
3,153,7831.69512277887,0,28,0.12294896454282284,0.2542715831922413
3,154,7831.69512277887,0,28,0.12294896454282284,0.2542715831922413
3,156,7933.641607809609,0,29,0.12294896454282284,0.25446623169531524
3,157,7933.641607809609,0,29,0.12294896454282284,0.25446623169531524
3,161,7244.842552554228,0,28,0.12787451643043182,0.1857352223945592
3,162,7244.842552554228,0,28,0.12787451643043182,0.1857352223945592
3,167,7244.842552554228,0,28,0.12787451643043182,0.1857352223945592
3,169,7244.842552554228,0,28,0.12787451643043182,0.1857352223945592
3,170,7244.842552554228,0,28,0.12787451643043182,0.1857352223945592
3,171,7244.842552554228,0,28,0.12787451643043182,0.1857352223945592
3,172,7244.842552554228,0,28,0.12787451643043182,0.1857352223945592
3,173,5889.155758246085,0,29,0.05015839976426237,0.1955987762960837
3,175,5889.155758246085,0,29,0.05015839976426237,0.1955987762960837
3,176,5889.155758246085,0,29,0.05015839976426237,0.1955987762960837
3,177,5889.155758246085,0,29,0.05015839976426237,0.1955987762960837
3,179,5889.155758246085,0,29,0.05015839976426237,0.1955987762960837
3,180,5889.155758246085,0,29,0.05015839976426237,0.1955987762960837
3,181,5889.155758246085,0,29,0.05015839976426237,0.1955987762960837
3,183,5889.155758246085,0,29,0.05015839976426237,0.1955987762960837
3,184,5889.155758246085,0,29,0.05015839976426237,0.1955987762960837
3,185,5889.155758246085,0,29,0.05015839976426237,0.1955987762960837
3,186,5889.155758246085,0,29,0.05015839976426237,0.1955987762960837
3,187,5889.155758246085,0,29,0.05015839976426237,0.1955987762960837
3,189,5889.155758246085,0,29,0.05015839976426237,0.1955987762960837
3,190,5889.155758246085,0,29,0.05015839976426237,0.1955987762960837
3,191,5889.155758246085,0,29,0.05015839976426237,0.1955987762960837
3,192,5889.155758246085,0,29,0.05015839976426237,0.1955987762960837
3,193,5889.155758246085,0,29,0.05015839976426237,0.1955987762960837
3,194,5889.155758246085,0,29,0.05015839976426237,0.1955987762960837
3,195,5827.315091488534,0,28,0.05015839976426237,0.19941470962032867
3,197,5827.315091488534,0,28,0.05015839976426237,0.19941470962032867
3,198,5827.315091488534,0,28,0.05015839976426237,0.19941470962032867
3,199,5827.315091488534,0,28,0.05015839976426237,0.19941470962032867
3,200,5827.315091488534,0,28,0.05015839976426237,0.19941470962032867
3,202,5827.315091488534,0,28,0.05015839976426237,0.19941470962032867
3,203,5827.315091488534,0,28,0.05015839976426237,0.19941470962032867
3,204,5827.315091488534,0,28,0.05015839976426237,0.19941470962032867
3,205,5827.315091488534,0,28,0.05015839976426237,0.19941470962032867
3,206,5827.315091488534,0,28,0.05015839976426237,0.19941470962032867
3,207,5827.315091488534,0,28,0.05015839976426237,0.19941470962032867
3,208,5827.315091488534,0,28,0.05015839976426237,0.19941470962032867
3,209,5827.315091488534,0,28,0.05015839976426237,0.19941470962032867
3,210,5827.315091488534,0,28,0.05015839976426237,0.19941470962032867
3,211,5827.315091488534,0,28,0.05015839976426237,0.19941470962032867
3,212,5827.315091488534,0,28,0.05015839976426237,0.19941470962032867
3,213,5827.315091488534,0,28,0.05015839976426237,0.19941470962032867
3,214,5827.315091488534,0,28,0.05015839976426237,0.19941470962032867
3,215,5827.315091488534,0,28,0.05015839976426237,0.19941470962032867
3,216,6560.5323312630835,0,28,0.0664201226423071,0.2402129878416942
3,217,6560.5323312630835,0,28,0.0664201226423071,0.2402129878416942
3,219,6560.5323312630835,0,28,0.0664201226423071,0.2402129878416942
3,220,6560.5323312630835,0,28,0.0664201226423071,0.2402129878416942
3,221,6560.5323312630835,0,28,0.0664201226423071,0.2402129878416942
3,222,6641.156976057271,0,28,0.10088130824184764,0.1793530811220318
3,223,6641.156976057271,0,28,0.10088130824184764,0.1793530811220318
3,224,6498.576086800448,0,28,0.0664201226423071,0.23401736339543067
3,225,6498.576086800448,0,28,0.0664201226423071,0.23401736339543067
3,227,6498.576086800448,0,28,0.0664201226423071,0.23401736339543067
3,229,6498.576086800448,0,28,0.0664201226423071,0.23401736339543067
3,230,6498.576086800448,0,28,0.0664201226423071,0.23401736339543067
3,231,6498.576086800448,0,28,0.0664201226423071,0.23401736339543067
3,232,6498.576086800448,0,28,0.0664201226423071,0.23401736339543067
3,234,6498.576086800448,0,28,0.0664201226423071,0.23401736339543067
3,235,6498.576086800448,0,28,0.0664201226423071,0.23401736339543067
3,237,6498.576086800448,0,28,0.0664201226423071,0.23401736339543067
3,238,6498.576086800448,0,28,0.0664201226423071,0.23401736339543067
3,240,6498.576086800448,0,28,0.0664201226423071,0.23401736339543067
3,241,6498.576086800448,0,28,0.0664201226423071,0.23401736339543067
3,242,6498.576086800448,0,28,0.0664201226423071,0.23401736339543067
3,243,6498.576086800448,0,28,0.0664201226423071,0.23401736339543067
3,244,6498.576086800448,0,28,0.0664201226423071,0.23401736339543067
3,245,6498.576086800448,0,28,0.0664201226423071,0.23401736339543067
3,248,6498.576086800448,0,28,0.0664201226423071,0.23401736339543067
3,249,6498.576086800448,0,28,0.0664201226423071,0.23401736339543067
