sid,gtype,payload_probe_kg,full_payload_kg,range_empty_m,range_half_payload_m,range_max_payload_m,range_empty_endpoint_error_m,range_full_endpoint_error_m,range_positive,range_nonincreasing,range_empty_endpoint,range_full_endpoint,energy_outbound_empty_kwh,energy_outbound_probe_kwh,energy_outbound_full_kwh,energy_return_empty_kwh,energy_return_probe_kwh,return_payload_check_kg,return_payload_is_zero,return_energy_direct_q0_kwh,return_energy_actual_kwh,return_energy_matches_q0,energy_roundtrip_full_kwh,energy_limit_after_reserve_kwh,full_load_margin_kwh,full_load_roundtrip_feasible,rho,energy_nonnegative
S001,A,25.0,25.0,25000.0,23232.23304703363,20000.0,0.0,0.0,True,True,True,True,0.5902661993300491,0.7422574834388738,0.7422574834388738,0.57536581352758,0.57536581352758,0.0,True,0.57536581352758,0.57536581352758,True,1.3176232969664539,3.6,2.2823767030335462,True,0.2,True
S001,B,30.0,30.0,28000.0,23757.359312880715,16000.0,0.0,0.0,True,True,True,True,0.4740371251707392,0.8185031333580126,0.8185031333580126,0.460201052639875,0.460201052639875,0.0,True,0.460201052639875,0.460201052639875,True,1.2787041859978876,3.2,1.9212958140021126,True,0.2,True
S001,C,80.0,80.0,26000.0,21050.25253169417,12000.0,0.0,0.0,True,True,True,True,0.979646522460018,2.121653020246268,2.121653020246268,0.964767422922981,0.964767422922981,0.0,True,0.964767422922981,0.964767422922981,True,3.0864204431692492,6.4,3.313579556830751,True,0.2,True
S002,A,25.0,25.0,25000.0,23232.23304703363,20000.0,0.0,0.0,True,True,True,True,1.3802311574888586,1.7304369198263136,1.7304369198263136,1.3559353241555252,1.3559353241555252,0.0,True,1.3559353241555252,1.3559353241555252,True,3.086372243981839,3.6,0.513627756018161,True,0.2,True
S002,B,30.0,30.0,28000.0,23757.359312880715,16000.0,0.0,0.0,True,True,True,True,1.1019041861854817,1.9154623934114916,1.9154623934114916,1.0793437695188148,1.0793437695188148,0.0,True,1.0793437695188148,1.0793437695188148,True,2.994806162930306,3.2,0.20519383706969396,True,0.2,True
S002,C,80.0,80.0,26000.0,21050.25253169417,12000.0,0.0,0.0,True,True,True,True,2.3252157060074614,5.03690344860335,5.03690344860335,2.3009545810074616,2.3009545810074616,0.0,True,2.3009545810074616,2.3009545810074616,True,7.337858029610811,6.4,-0.937858029610811,False,0.2,True
S003,A,25.0,25.0,25000.0,23232.23304703363,20000.0,0.0,0.0,True,True,True,True,1.4212829964474285,1.7889134115147232,1.7889134115147232,1.365492564348663,1.365492564348663,0.0,True,1.365492564348663,1.365492564348663,True,3.1544059758633862,3.6,0.44559402413661386,True,0.2,True
S003,B,30.0,30.0,28000.0,23757.359312880715,16000.0,0.0,0.0,True,True,True,True,1.1435034389656529,1.970356853301299,1.970356853301299,1.091698037731085,1.091698037731085,0.0,True,1.091698037731085,1.091698037731085,True,3.0620548910323837,3.2,0.13794510896761647,True,0.2,True
S003,C,80.0,80.0,26000.0,21050.25253169417,12000.0,0.0,0.0,True,True,True,True,2.3478761394625325,5.084520971204696,5.084520971204696,2.292165407981051,2.292165407981051,0.0,True,2.292165407981051,2.292165407981051,True,7.376686379185747,6.4,-0.9766863791857467,False,0.2,True
S004,A,25.0,25.0,25000.0,23232.23304703363,20000.0,0.0,0.0,True,True,True,True,1.4602305250929641,1.8331857578576387,1.8331857578576387,1.4336056794139518,1.4336056794139518,0.0,True,1.4336056794139518,1.4336056794139518,True,3.2667914372715905,3.6,0.3332085627284096,True,0.2,True
S004,B,30.0,30.0,28000.0,23757.359312880715,16000.0,0.0,0.0,True,True,True,True,1.1688582429571737,2.02575792144647,2.02575792144647,1.1441351719695194,1.1441351719695194,0.0,True,1.1441351719695194,1.1441351719695194,True,3.1698930934159892,3.2,0.03010690658401094,True,0.2,True
S004,C,80.0,80.0,26000.0,21050.25253169417,12000.0,0.0,0.0,True,True,True,True,2.443724582378082,5.293104424177615,5.293104424177615,2.417137772192897,2.417137772192897,0.0,True,2.417137772192897,2.417137772192897,True,7.710242196370512,6.4,-1.3102421963705115,False,0.2,True
S005,A,25.0,25.0,25000.0,23232.23304703363,20000.0,0.0,0.0,True,True,True,True,1.0008693375497164,1.2566388935108694,1.2566388935108694,0.9830576863151486,0.9830576863151486,0.0,True,0.9830576863151486,0.9830576863151486,True,2.2396965798260178,3.6,1.3603034201739823,True,0.2,True
S005,B,30.0,30.0,28000.0,23757.359312880715,16000.0,0.0,0.0,True,True,True,True,0.8013324305132472,1.3884511994638733,1.3884511994638733,0.7847930400811484,0.7847930400811484,0.0,True,0.7847930400811484,0.7847930400811484,True,2.1732442395450215,3.2,1.0267557604549786,True,0.2,True
S005,C,80.0,80.0,26000.0,21050.25253169417,12000.0,0.0,0.0,True,True,True,True,1.674052009104077,3.6259652272669305,3.6259652272669305,1.6562658030855584,1.6562658030855584,0.0,True,1.6562658030855584,1.6562658030855584,True,5.282231030352489,6.4,1.1177689696475115,True,0.2,True
S006,A,25.0,25.0,25000.0,23232.23304703363,20000.0,0.0,0.0,True,True,True,True,0.6363207856957072,0.8021611060365426,0.8021611060365426,0.5868028073006455,0.5868028073006455,0.0,True,0.5868028073006455,0.5868028073006455,True,1.388963913337188,3.6,2.211036086662812,True,0.2,True
S006,B,30.0,30.0,28000.0,23757.359312880715,16000.0,0.0,0.0,True,True,True,True,0.5135292452200017,0.8817758693427316,0.8817758693427316,0.46754826528173005,0.46754826528173005,0.0,True,0.46754826528173005,0.46754826528173005,True,1.3493241346244615,3.2,1.8506758653755386,True,0.2,True
S006,C,80.0,80.0,26000.0,21050.25253169417,12000.0,0.0,0.0,True,True,True,True,1.0428783648279136,2.2581726981843184,2.2581726981843184,0.9934311264019877,0.9934311264019877,0.0,True,0.9934311264019877,0.9934311264019877,True,3.251603824586306,6.4,3.148396175413694,True,0.2,True
S007,A,25.0,25.0,25000.0,23232.23304703363,20000.0,0.0,0.0,True,True,True,True,0.9172715354175129,1.1574860544439936,1.1574860544439936,0.8588344983804759,0.8588344983804759,0.0,True,0.8588344983804759,0.8588344983804759,True,2.016320552824469,3.6,1.5836794471755309,True,0.2,True
S007,B,30.0,30.0,28000.0,23757.359312880715,16000.0,0.0,0.0,True,True,True,True,0.741714970812631,1.2707596109918489,1.2707596109918489,0.6874520078496681,0.6874520078496681,0.0,True,0.6874520078496681,0.6874520078496681,True,1.958211618841517,3.2,1.2417883811584831,True,0.2,True
S007,C,80.0,80.0,26000.0,21050.25253169417,12000.0,0.0,0.0,True,True,True,True,1.4956927203929826,3.2384155895825613,3.2384155895825613,1.437339164837427,1.437339164837427,0.0,True,1.437339164837427,1.437339164837427,True,4.675754754419988,6.4,1.7242452455800121,True,0.2,True
S008,A,25.0,25.0,25000.0,23232.23304703363,20000.0,0.0,0.0,True,True,True,True,1.51696188190682,1.9031556262732785,1.9031556262732785,1.4790624991907706,1.4790624991907706,0.0,True,1.4790624991907706,1.4790624991907706,True,3.382218125464049,3.6,0.21778187453595121,True,0.2,True
S008,B,30.0,30.0,28000.0,23757.359312880715,16000.0,0.0,0.0,True,True,True,True,1.212693976041187,2.1048312733476937,2.1048312733476937,1.1775016920905697,1.1775016920905697,0.0,True,1.1775016920905697,1.1775016920905697,True,3.2823329654382634,3.2,-0.08233296543826318,False,0.2,True
S008,C,80.0,80.0,26000.0,21050.25253169417,12000.0,0.0,0.0,True,True,True,True,2.5469663227991473,5.516990022794269,5.516990022794269,2.5091210820584062,2.5091210820584062,0.0,True,2.5091210820584062,2.5091210820584062,True,8.026111104852676,6.4,-1.6261111048526757,False,0.2,True
S009,A,25.0,25.0,25000.0,23232.23304703363,20000.0,0.0,0.0,True,True,True,True,1.0691530450914275,1.3411150983485598,1.3411150983485598,1.042078276572909,1.042078276572909,0.0,True,1.042078276572909,1.042078276572909,True,2.383193374921469,3.6,1.2168066250785312,True,0.2,True
S009,B,30.0,30.0,28000.0,23757.359312880715,16000.0,0.0,0.0,True,True,True,True,0.8544196786030248,1.4835499575946047,1.4835499575946047,0.8292788221215434,0.8292788221215434,0.0,True,0.8292788221215434,0.8292788221215434,True,2.312828779716148,3.2,0.887171220283852,True,0.2,True
S009,C,80.0,80.0,26000.0,21050.25253169417,12000.0,0.0,0.0,True,True,True,True,1.79660416278323,3.891676435686915,3.891676435686915,1.7695680725054521,1.7695680725054521,0.0,True,1.7695680725054521,1.7695680725054521,True,5.661244508192367,6.4,0.7387554918076331,True,0.2,True
S010,A,25.0,25.0,25000.0,23232.23304703363,20000.0,0.0,0.0,True,True,True,True,0.9414045762012905,1.1854009279851914,1.1854009279851914,0.8821470916333892,0.8821470916333892,0.0,True,0.8821470916333892,0.8821470916333892,True,2.0675480196185805,3.6,1.5324519803814196,True,0.2,True
S010,B,30.0,30.0,28000.0,23757.359312880715,16000.0,0.0,0.0,True,True,True,True,0.7580330469353712,1.3049448128029546,1.3049448128029546,0.7030082398366058,0.7030082398366058,0.0,True,0.7030082398366058,0.7030082398366058,True,2.0079530526395604,3.2,1.1920469473604398,True,0.2,True
S010,C,80.0,80.0,26000.0,21050.25253169417,12000.0,0.0,0.0,True,True,True,True,1.5518826876801866,3.3606258137087988,3.3606258137087988,1.492709856661668,1.492709856661668,0.0,True,1.492709856661668,1.492709856661668,True,4.853335670370467,6.4,1.5466643296295333,True,0.2,True
S011,A,25.0,25.0,25000.0,23232.23304703363,20000.0,0.0,0.0,True,True,True,True,0.5485936562807655,0.6904392939895619,0.6904392939895619,0.5262563106017532,0.5262563106017532,0.0,True,0.5262563106017532,0.5262563106017532,True,1.216695604591315,3.6,2.383304395408685,True,0.2,True
S011,B,30.0,30.0,28000.0,23757.359312880715,16000.0,0.0,0.0,True,True,True,True,0.4413068130587453,0.7605438637562912,0.7605438637562912,0.420564992071091,0.420564992071091,0.0,True,0.420564992071091,0.420564992071091,True,1.1811088558273823,3.2,2.018891144172618,True,0.2,True
S011,C,80.0,80.0,26000.0,21050.25253169417,12000.0,0.0,0.0,True,True,True,True,0.9066035983638523,1.963337036903035,1.963337036903035,0.884298163178667,0.884298163178667,0.0,True,0.884298163178667,0.884298163178667,True,2.847635200081702,6.4,3.5523647999182986,True,0.2,True
S012,A,25.0,25.0,25000.0,23232.23304703363,20000.0,0.0,0.0,True,True,True,True,1.4050851170116228,1.7645123854628602,1.7645123854628602,1.3648302559005117,1.3648302559005117,0.0,True,1.3648302559005117,1.3648302559005117,True,3.1293426413633716,3.6,0.4706573586366285,True,0.2,True
S012,B,30.0,30.0,28000.0,23757.359312880715,16000.0,0.0,0.0,True,True,True,True,1.1254174231796101,1.9490905175684892,1.9490905175684892,1.0880379092907213,1.0880379092907213,0.0,True,1.0880379092907213,1.0880379092907213,True,3.0371284268592103,3.2,0.16287157314078993,True,0.2,True
S012,C,80.0,80.0,26000.0,21050.25253169417,12000.0,0.0,0.0,True,True,True,True,2.3477446760131144,5.085094560260759,5.085094560260759,2.307547321846448,2.307547321846448,0.0,True,2.307547321846448,2.307547321846448,True,7.392641882107208,6.4,-0.9926418821072076,False,0.2,True
S013,A,25.0,25.0,25000.0,23232.23304703363,20000.0,0.0,0.0,True,True,True,True,0.9440322421461999,1.1877385719899216,1.1877385719899216,0.8847482915289159,0.8847482915289159,0.0,True,0.8847482915289159,0.8847482915289159,True,2.0724868635188374,3.6,1.5275131364811627,True,0.2,True
S013,B,30.0,30.0,28000.0,23757.359312880715,16000.0,0.0,0.0,True,True,True,True,0.7589260551165973,1.3088749231861154,1.3088749231861154,0.7038766724005479,0.7038766724005479,0.0,True,0.7038766724005479,0.7038766724005479,True,2.0127515955866633,3.2,1.187248404413337,True,0.2,True
S013,C,80.0,80.0,26000.0,21050.25253169417,12000.0,0.0,0.0,True,True,True,True,1.562656807742151,3.384165441117845,3.384165441117845,1.5034575484828916,1.5034575484828916,0.0,True,1.5034575484828916,1.5034575484828916,True,4.887622989600736,6.4,1.5123770103992644,True,0.2,True
S014,A,25.0,25.0,25000.0,23232.23304703363,20000.0,0.0,0.0,True,True,True,True,1.0978972590359024,1.3855359962468863,1.3855359962468863,1.0387985707642975,1.0387985707642975,0.0,True,1.0387985707642975,1.0387985707642975,True,2.4243345670111838,3.6,1.1756654329888163,True,0.2,True
S014,B,30.0,30.0,28000.0,23757.359312880715,16000.0,0.0,0.0,True,True,True,True,0.8879244518463668,1.5209567346011212,1.5209567346011212,0.8330470984513051,0.8330470984513051,0.0,True,0.8330470984513051,0.8330470984513051,True,2.354003833052426,3.2,0.845996166947574,True,0.2,True
S014,C,80.0,80.0,26000.0,21050.25253169417,12000.0,0.0,0.0,True,True,True,True,1.7894091969971475,3.874332612853738,3.874332612853738,1.7303949354230734,1.7303949354230734,0.0,True,1.7303949354230734,1.7303949354230734,True,5.604727548276811,6.4,0.7952724517231893,True,0.2,True
S015,A,25.0,25.0,25000.0,23232.23304703363,20000.0,0.0,0.0,True,True,True,True,1.1980403666119865,1.5101435505758534,1.5101435505758534,1.1062561073527273,1.1062561073527273,0.0,True,1.1062561073527273,1.1062561073527273,True,2.6163996579285804,3.6,0.9836003420714197,True,0.2,True
S015,B,30.0,30.0,28000.0,23757.359312880715,16000.0,0.0,0.0,True,True,True,True,0.9666836558824607,1.660213667017131,1.660213667017131,0.88145541514172,0.88145541514172,0.0,True,0.88145541514172,0.88145541514172,True,2.541669082158851,3.2,0.6583309178411492,True,0.2,True
S015,C,80.0,80.0,26000.0,21050.25253169417,12000.0,0.0,0.0,True,True,True,True,1.9643844380761109,4.2535637100873265,4.2535637100873265,1.8727312991872218,1.8727312991872218,0.0,True,1.8727312991872218,1.8727312991872218,True,6.126295009274548,6.4,0.2737049907254523,True,0.2,True
